"term","page","formatted"
"effect ordering","xii",NA
"visual thinning","xiii",NA
"matlib","xiii","\texttt{matlib} package"
"packages!matlib","xiii","packages!\texttt{matlib}"
"car","xiv","\texttt{car} package"
"packages!car","xiv","packages!\texttt{car}"
"ggplot2","xv","\texttt{ggplot2} package"
"packages!ggplot2","xv","packages!\texttt{ggplot2}"
"ggplot2","xv","\texttt{ggplot2} package"
"packages!ggplot2","xv","packages!\texttt{ggplot2}"
"ggplot2","xv","\texttt{ggplot2} package"
"packages!ggplot2","xv","packages!\texttt{ggplot2}"
"car","xvi","\texttt{car} package"
"packages!car","xvi","packages!\texttt{car}"
"heplots","xvi","\texttt{heplots} package"
"packages!heplots","xvi","packages!\texttt{heplots}"
"tinyplot","xvi","\texttt{tinyplot} package"
"packages!tinyplot","xvi","packages!\texttt{tinyplot}"
"ggplot2","xvi","\texttt{ggplot2} package"
"packages!ggplot2","xvi","packages!\texttt{ggplot2}"
"80-20 graphics rule","xvi",NA
"ggplot2","xvii","\texttt{ggplot2} package"
"packages!ggplot2","xvii","packages!\texttt{ggplot2}"
"ggplot2","xvii","\texttt{ggplot2} package"
"packages!ggplot2","xvii","packages!\texttt{ggplot2}"
"car","xvii","\texttt{car} package"
"packages!car","xvii","packages!\texttt{car}"
"matlib","xvii","\texttt{matlib} package"
"packages!matlib","xvii","packages!\texttt{matlib}"
"ggplot2","xvii","\texttt{ggplot2} package"
"packages!ggplot2","xvii","packages!\texttt{ggplot2}"
"Prestige","xvii","\texttt{Prestige} data"
"datasets!Prestige","xvii","datasets!\texttt{Prestige}"
"carData","xvii","\texttt{carData} package"
"packages!carData","xvii","packages!\texttt{carData}"
"Prestige","xvii","\texttt{Prestige} data"
"datasets!Prestige","xvii","datasets!\texttt{Prestige}"
"carData","xvii","\texttt{carData} package"
"packages!carData","xvii","packages!\texttt{carData}"
"car","xvii","\texttt{car} package"
"packages!car","xvii","packages!\texttt{car}"
"ggeda","xviii","\texttt{ggeda} package"
"packages!ggeda","xviii","packages!\texttt{ggeda}"
"tinytable","xviii","\texttt{tinytable} package"
"packages!tinytable","xviii","packages!\texttt{tinytable}"
"marginaleffects","xviii","\texttt{marginaleffects} package"
"packages!marginaleffects","xviii","packages!\texttt{marginaleffects}"
"tourr","xviii","\texttt{tourr} package"
"packages!tourr","xviii","packages!\texttt{tourr}"
"car","xviii","\texttt{car} package"
"packages!car","xviii","packages!\texttt{car}"
"effects","xviii","\texttt{effects} package"
"packages!effects","xviii","packages!\texttt{effects}"
"easystats","xviii","\texttt{easystats} package"
"packages!easystats","xviii","packages!\texttt{easystats}"
"ggeffects","xviii","\texttt{ggeffects} package"
"packages!ggeffects","xviii","packages!\texttt{ggeffects}"
"rgl","xviii","\texttt{rgl} package"
"packages!rgl","xviii","packages!\texttt{rgl}"
"knitr","xviii","\texttt{knitr} package"
"packages!knitr","xviii","packages!\texttt{knitr}"
"xfun","xviii","\texttt{xfun} package"
"packages!xfun","xviii","packages!\texttt{xfun}"
"tinytex","xviii","\texttt{tinytex} package"
"packages!tinytex","xviii","packages!\texttt{tinytex}"
"Flatland","6","\emph{Flatland}"
"Flatland","8","\emph{Flatland}"
"Pollen","9","\texttt{Pollen} data"
"datasets!Pollen","9","datasets!\texttt{Pollen}"
"HistData","9","\texttt{HistData} package"
"packages!HistData","9","packages!\texttt{HistData}"
"animation","9","\texttt{animation} package"
"packages!animation","9","packages!\texttt{animation}"
"rgl","9","\texttt{rgl} package"
"packages!rgl","9","packages!\texttt{rgl}"
"animation","9","\texttt{animation} package"
"packages!animation","9","packages!\texttt{animation}"
"scagnostics","9","\texttt{scagnostics} package"
"packages!scagnostics","9","packages!\texttt{scagnostics}"
"cassowaryr","9","\texttt{cassowaryr} package"
"packages!cassowaryr","9","packages!\texttt{cassowaryr}"
"PRIM-9","10",NA
"Structural equation model","15",NA
"lm()","17","\texttt{lm()}"
"data ellipse","18",NA
"HE plot","18",NA
"principal components analysis","18",NA
"canonical correlation","18",NA
"projection","18",NA
"tinytable","21","\texttt{tinytable} package"
"packages!tinytable","21","packages!\texttt{tinytable}"
"gt","21","\texttt{gt} package"
"packages!gt","21","packages!\texttt{gt}"
"pie chart","21",NA
"bar chart","21",NA
"line graph","21",NA
"scatterplot","21",NA
"visual thinking","21",NA
"Anscombe's quartet","22",NA
"quartet!Anscombe","22",NA
"anscombe","22","\texttt{anscombe} data"
"datasets!anscombe","22","datasets!\texttt{anscombe}"
"datasets","22","\texttt{datasets} package"
"packages!datasets","22","packages!\texttt{datasets}"
"ggplot()","23","\texttt{ggplot()}"
"stat_ellipse()","23","\texttt{stat\_ellipse()}"
"data ellipse","23",NA
"pure error","24",NA
"lack of fit","24",NA
"outliers","24",NA
"influence","24",NA
"datasaurus dozen","25",NA
"datasauRus","25","\texttt{datasauRus} package"
"packages!datasauRus","25","packages!\texttt{datasauRus}"
"datasauRus","25","\texttt{datasauRus} package"
"packages!datasauRus","25","packages!\texttt{datasauRus}"
"metamer","25","\texttt{metamer} package"
"packages!metamer","25","packages!\texttt{metamer}"
"causal analysis","25",NA
"quartets","26","\texttt{quartets} package"
"packages!quartets","26","packages!\texttt{quartets}"
"quartet!causal","26",NA
"quartet!Rashamon","26",NA
"Davis","26","\texttt{Davis} data"
"datasets!Davis","26","datasets!\texttt{Davis}"
"carData","26","\texttt{carData} package"
"packages!carData","26","packages!\texttt{carData}"
"influence","27",NA
"ggplot2","27","\texttt{ggplot2} package"
"packages!ggplot2","27","packages!\texttt{ggplot2}"
"influence","28",NA
"1970 draft lottery","28",NA
"Draft1970","29","\texttt{Draft1970} data"
"datasets!Draft1970","29","datasets!\texttt{Draft1970}"
"vcdExtra","29","\texttt{vcdExtra} package"
"packages!vcdExtra","29","packages!\texttt{vcdExtra}"
"1970 draft lottery","31",NA
"loess","31",NA
"smoother!loess","31",NA
"ggbreak","32","\texttt  {ggbreak} package"
"packages!ggbreak","32","packages!\texttt  {ggbreak}"
"sample()","34","\texttt{sample()}"
"data plots","35",NA
"reconnaissance plots","35",NA
"multivariate juicer","35",NA
"dimension reduction","35",NA
"canonical space","35",NA
"uncertainty","35",NA
"model plots","35",NA
"added-variable plots","35",NA
"effect plots","35",NA
"diagnostic plots","35",NA
"lm()","35","\texttt{lm()}"
"Tukey, John","41",NA
"quartet!Anscombe","41",NA
"scatterplot matrix","42",NA
"smoother","42",NA
"data ellipse","42",NA
"stratifier","42",NA
"uncertainty","42",NA
"Salaries","43","\texttt{Salaries} data"
"datasets!Salaries","43","datasets!\texttt{Salaries}"
"carData","43","\texttt{carData} package"
"packages!carData","43","packages!\texttt{carData}"
"smoother","44",NA
"ggplot2","44","\texttt{ggplot2} package"
"packages!ggplot2","44","packages!\texttt{ggplot2}"
"uncertainty","45",NA
"precision","45",NA
"smoother!non-parametric","45",NA
"loess","45",NA
"lowess","45",NA
"geom_smooth()","45","\texttt  {geom\_smooth()}"
"confidence!interval","45",NA
"confidence!band","45",NA
"confidence!pointwise","45",NA
"smoother","46",NA
"stratifier","47",NA
"shingle","47",NA
"visual thinking","47",NA
"trellis plots","48",NA
"lattice","48","\texttt{lattice} package"
"packages!lattice","48","packages!\texttt{lattice}"
"panel.smoother()","48","\texttt{panel.smoother()}"
"car","48","\texttt{car} package"
"packages!car","48","packages!\texttt{car}"
"ggplot2","48","\texttt{ggplot2} package"
"packages!ggplot2","48","packages!\texttt{ggplot2}"
"lme4","48","\texttt{lme4} package"
"packages!lme4","48","packages!\texttt{lme4}"
"nlme","48","\texttt{nlme} package"
"packages!nlme","48","packages!\texttt{nlme}"
"brms","48","\texttt{brms} package"
"packages!brms","48","packages!\texttt{brms}"
"mixed models","48",NA
"Formula","48","\texttt{Formula} package"
"packages!Formula","48","packages!\texttt{Formula}"
"ivreg","48","\texttt{ivreg} package"
"packages!ivreg","48","packages!\texttt{ivreg}"
"pscl","48","\texttt{pscl} package"
"packages!pscl","48","packages!\texttt{pscl}"
"geom_smooth()","48","\texttt{geom\_smooth()}"
"conditioning","51",NA
"faceting","51",NA
"facet_wrap()","51","\texttt{facet\_wrap()}"
"conditioning","52",NA
"stratifier","52",NA
"data ellipse","52",NA
"Mahalanobis distance","53",NA
"ellipse()","55","\texttt{ellipse()}"
"stat_ellipse()","55","\texttt{stat\_ellipse()}"
"ellipse.label()","55","\texttt{ellipse.label()}"
"plotmath()","56","\texttt{plotmath()}"
"principal components","57",NA
"ellipses","57",NA
"dataEllipse()","59","\texttt{dataEllipse()}"
"scatterplot()","59","\texttt{scatterplot()}"
"car","59","\texttt{car} package"
"packages!car","59","packages!\texttt{car}"
"dataEllipse()","59","\texttt{dataEllipse()}"
"covEllipses()","59","\texttt{covEllipses()}"
"stat_ellipse()","60","\texttt{stat\_ellipse()}"
"dataEllipse()","60","\texttt{dataEllipse()}"
"Prestige","60","\texttt{Prestige} data"
"datasets!Prestige","60","datasets!\texttt{Prestige}"
"scatterplot()","60","\texttt{scatterplot()}"
"stratifier","63",NA
"stratifier","64",NA
"palmerpenguins","65","\texttt{palmerpenguins} package"
"packages!palmerpenguins","65","packages!\texttt{palmerpenguins}"
"peng","65","\texttt{peng} data"
"datasets!peng","65","datasets!\texttt{peng}"
"heplots","65","\texttt{heplots} package"
"packages!heplots","65","packages!\texttt{heplots}"
"penguins","66","\texttt  {penguins} data"
"datasets!penguins","66","datasets!\texttt  {penguins}"
"datasets","66","\texttt  {datasets} package"
"packages!datasets","66","packages!\texttt  {datasets}"
"peng","66","\texttt  {peng} data"
"datasets!peng","66","datasets!\texttt  {peng}"
"heplots","66","\texttt  {heplots} package"
"packages!heplots","66","packages!\texttt  {heplots}"
"theme_penguins()","68","\texttt{theme\_penguins()}"
"legend_inside()","68","\texttt{legend\_inside()}"
"visual thinning","68",NA
"data ellipse","69",NA
"visual thinning","69",NA
"bagplot","70",NA
"depth","70",NA
"gggda","70","\texttt{gggda} package"
"packages!gggda","70","packages!\texttt{gggda}"
"stat_bagplot()","70","\texttt{stat\_bagplot()}"
"outliers","70",NA
"bagplot","70",NA
"non-parametric!bivariate density plot","71",NA
"bivariate density plot","71",NA
"density()","71","\texttt{density()}"
"geom_density()","71","\texttt{geom\_density()}"
"kde2d()","71","\texttt{kde2d()}"
"geom_density_2d()","71","\texttt{geom\_density\_2d()}"
"kde2d()","71","\texttt{kde2d()}"
"ggdensity","71","\texttt{ggdensity} package"
"packages!ggdensity","71","packages!\texttt{ggdensity}"
"geom_hdr()","71","\texttt{geom\_hdr()}"
"high density region","71",NA
"geom_density_2d()","71","\texttt{geom\_density\_2d()}"
"geom_hdr()","71","\texttt{geom\_hdr()}"
"non-parametric!bivariate density plot","72",NA
"bivariate density plot","72",NA
"Simpson's paradox","73",NA
"Simpson's paradox","74",NA
"multivariate normality","74",NA
"outliers","74",NA
"$\chi^2$ QQ plot","74",NA
"Mahalanobis()","75","\texttt{Mahalanobis()}"
"cqplot()","75","\texttt{cqplot()}"
"uncertainty","76",NA
"geom_text()","78","\texttt{geom\_text()}"
"multivariate normality","80",NA
"outliers","80",NA
"scatterplot matrix","80",NA
"scatterplotMatrix()","80","\texttt{scatterplotMatrix()}"
"hue_pal()","81","\texttt{hue\_pal()}"
"visual thinning","85",NA
"visual thinning","85",NA
"scatterplot matrix","85",NA
"corrgram","86",NA
"corrgram","87","\texttt{corrgram} package"
"packages!corrgram","87","packages!\texttt{corrgram}"
"corrplot","87","\texttt{corrplot} package"
"packages!corrplot","87","packages!\texttt{corrplot}"
"corrgram()","87","\texttt{corrgram()}"
"corrplot","87","\texttt{corrplot} package"
"packages!corrplot","87","packages!\texttt{corrplot}"
"corrgram","90",NA
"scatterplot matrix!generalized","90",NA
"vcd","90","\texttt{vcd} package"
"packages!vcd","90","packages!\texttt{vcd}"
"vcdExtra","90","\texttt{vcdExtra} package"
"packages!vcdExtra","90","packages!\texttt{vcdExtra}"
"pairs()","90","\texttt{pairs()}"
"GGally","92","\texttt{GGally} package"
"packages!GGally","92","packages!\texttt{GGally}"
"Simpson's paradox","92",NA
"ggpairs()","93","\texttt{ggpairs()}"
"ggally_cor()","93","\texttt{ggally\_cor()}"
"ggally_points()","94","\texttt{ggally\_points()}"
"ggally_densityDiag()","94","\texttt{ggally\_densityDiag()}"
"ggally_barDiag()","94","\texttt{ggally\_barDiag()}"
"scatterplot matrix!generalized","95",NA
"parallel coordinate plots","95",NA
"ggpcp","96","\texttt{ggpcp} package"
"packages!ggpcp","96","packages!\texttt{ggpcp}"
"pcp_select()","97","\texttt{pcp\_select()}"
"pcp_scale()","97","\texttt{pcp\_scale()}"
"pcp_arrange()","97","\texttt{pcp\_arrange()}"
"parcoord()","97","\texttt  {parcoord()}"
"ggparcoord()","97","\texttt  {ggparcoord()}"
"pcp()","97","\texttt  {pcp()}"
"ggpcp","97","\texttt  {ggpcp} package"
"packages!ggpcp","97","packages!\texttt  {ggpcp}"
"ordering!variables","98",NA
"parallel coordinate plots","98",NA
"outliers","99",NA
"clusters","99",NA
"PRIM-9","99",NA
"grand tour","99",NA
"projection","100",NA
"len()","103","\texttt{len()}"
"biplot","104",NA
"projection","104",NA
"grand tour","105",NA
"guided tour","105",NA
"projection pursuit","105",NA
"tourr","106","\texttt{tourr} package"
"packages!tourr","106","packages!\texttt{tourr}"
"tourr","106","\texttt{tourr} package"
"packages!tourr","106","packages!\texttt{tourr}"
"Mahalanobis distance","107",NA
"guided tour","107",NA
"animation!grand tour","108",NA
"tourr","110","\texttt{tourr} package"
"packages!tourr","110","packages!\texttt{tourr}"
"liminal","110","\texttt{liminal} package"
"packages!liminal","110","packages!\texttt{liminal}"
"loon","110","\texttt{loon} package"
"packages!loon","110","packages!\texttt{loon}"
"network diagram","110",NA
"bfi","110","\texttt{bfi} data"
"datasets!bfi","110","datasets!\texttt{bfi}"
"psych","110","\texttt{psych} package"
"packages!psych","110","packages!\texttt{psych}"
"graphical LASSO","111",NA
"igraph","112","\texttt{igraph} package"
"packages!igraph","112","packages!\texttt{igraph}"
"ggraph","112","\texttt{ggraph} package"
"packages!ggraph","112","packages!\texttt{ggraph}"
"qgraph","112","\texttt{qgraph} package"
"packages!qgraph","112","packages!\texttt{qgraph}"
"network diagram","113",NA
"partial correlation","113",NA
"graphical gaussian model","113",NA
"conditional independence","113",NA
"precision matrix","114",NA
"partial correlation!visualization","114",NA
"partial variables plot","114",NA
"dataEllipse()","115","\texttt{dataEllipse()}"
"partial variables plot","116",NA
"partial correlation","116",NA
"Flatland","119","\emph{Flatland}"
"multivariate juicer","120",NA
"data space","120",NA
"projection","120",NA
"principal components analysis","120",NA
"biplot","120",NA
"multivariate juicer","121",NA
"principal components analysis","122",NA
"PCA","122",NA
"principal components analysis!springs","124",NA
"principal components analysis!geometry","125",NA
"workers","126","\texttt{workers} data"
"datasets!workers","126","datasets!\texttt{workers}"
"matlib","128","\texttt{matlib} package"
"packages!matlib","128","packages!\texttt{matlib}"
"ellipse.axes()","129","\texttt{ellipse.axes()}"
"prcomp()","130","\texttt{prcomp()}"
"princomp()","130","\texttt{princomp()}"
"PCA()","130","\texttt{PCA()}"
"FactoMineR","130","\texttt{FactoMineR} package"
"packages!FactoMineR","130","packages!\texttt{FactoMineR}"
"tidy()","133","\texttt{tidy()}"
"plot()","133","\texttt{plot()}"
"ggscreeplot()","133","\texttt{ggscreeplot()}"
"augment()","135","\texttt{augment()}"
"coord_fixed()","135","\texttt{coord\_fixed()}"
"geom_segment()","137","\texttt{geom\_segment()}"
"geom_text()","137","\texttt{geom\_text()}"
"coord_fixed()","137","\texttt{coord\_fixed()}"
"principal components analysis","139",NA
"biplot","139",NA
"singular value decomposition","140",NA
"SVD","140",NA
"biplot()","141","\texttt{biplot()}"
"factoextra","142","\texttt{factoextra} package"
"packages!factoextra","142","packages!\texttt{factoextra}"
"FactoMineR","142","\texttt{FactoMineR} package"
"packages!FactoMineR","142","packages!\texttt{FactoMineR}"
"fviz_pca()","142","\texttt{fviz\_pca()}"
"fviz_ca()","142","\texttt{fviz\_ca()}"
"fviz_mca()","142","\texttt{fviz\_mca()}"
"fviz_famd()","142","\texttt{fviz\_famd()}"
"fviz_cluster()","142","\texttt{fviz\_cluster()}"
"adegraphics","142","\texttt{adegraphics} package"
"packages!adegraphics","142","packages!\texttt{adegraphics}"
"lattice","142","\texttt{lattice} package"
"packages!lattice","142","packages!\texttt{lattice}"
"ggbiplot","142","\texttt{ggbiplot} package"
"packages!ggbiplot","142","packages!\texttt{ggbiplot}"
"factoextra","142","\texttt{factoextra} package"
"packages!factoextra","142","packages!\texttt{factoextra}"
"get_pca_var()","145","\texttt{get\_pca\_var()}"
"fviz_contrib()","145","\texttt{fviz\_contrib()}"
"fviz_cos2()","145","\texttt{fviz\_cos2()}"
"PCA()","148","\texttt{PCA()}"
"plot()","149","\texttt{plot()}"
"fviz_pca_var()","149","\texttt{fviz\_pca\_var()}"
"fviz_pca_biplot()","149","\texttt{fviz\_pca\_biplot()}"
"plot()","149","\texttt{plot()}"
"Diabetes","150","\texttt{Diabetes} data"
"datasets!Diabetes","150","datasets!\texttt{Diabetes}"
"scatter3d()","150","\texttt{scatter3d()}"
"PRIM-9","150",NA
"scatter3d()","150","\texttt{scatter3d()}"
"rgl","150","\texttt{rgl} package"
"packages!rgl","150","packages!\texttt{rgl}"
"spin3d()","150","\texttt{spin3d()}"
"PRIM-9","151",NA
"geom_label()","152","\texttt{geom\_label()}"
"biplot","153",NA
"multidimensional scaling","153",NA
"MDS","153",NA
"dist()","154","\texttt{dist()}"
"isoMDS()","154","\texttt{isoMDS()}"
"vegan","154","\texttt  {vegan} package"
"packages!vegan","154","packages!\texttt  {vegan}"
"metaMDS()","154","\texttt  {metaMDS()}"
"ggscatter()","155","\texttt{ggscatter()}"
"multidimensional scaling","156",NA
"t-SNE","156",NA
"Rtsne","158","\texttt{Rtsne} package"
"packages!Rtsne","158","packages!\texttt{Rtsne}"
"Rtsne()","158","\texttt{Rtsne()}"
"gganimate","160","\texttt{gganimate} package"
"packages!gganimate","160","packages!\texttt{gganimate}"
"transition_states()","160","\texttt{transition\_states()}"
"t-SNE","161",NA
"effect ordering","161",NA
"ordering!variables","161",NA
"seriation","161","\texttt  {seriation} package"
"packages!seriation","161","packages!\texttt  {seriation}"
"corrRect()","163","\texttt{corrRect()}"
"effect ordering","164",NA
"ordering!variables","164",NA
"eigenfaces","164",NA
"load.image()","166","\texttt{load.image()}"
"pivot_wider()","167","\texttt{pivot\_wider()}"
"approx_pca()","168","\texttt{approx\_pca()}"
"approx_pca()","169","\texttt{approx\_pca()}"
"geom_raster()","169","\texttt{geom\_raster()}"
"facet_wrap()","169","\texttt{facet\_wrap()}"
"eigenfaces","170",NA
"outliers","171",NA
"interpPlot()","171","\texttt{interpPlot()}"
"outliers","174",NA
"lm()","179","\texttt{lm()}"
"lm()","179","\texttt{lm()}"
"glm()","179","\texttt{glm()}"
"general linear model","182",NA
"general linear model","183",NA
"model formulas","183",NA
"lm()","183","\texttt{lm()}"
"glm()","183","\texttt{glm()}"
"I()","184","\texttt{I()}"
"poly()","184","\texttt{poly()}"
"model formulas","184",NA
"geom_smooth()","184","\texttt{geom\_smooth()}"
"poly()","185","\texttt{poly()}"
"poly()","185","\texttt{poly()}"
"model formulas!factors","186",NA
"factors","186",NA
"model formulas!crossing","186",NA
"model formulas!powers","186",NA
"terms()","187","\texttt{terms()}"
"model formulas!model matrices","187",NA
"lm()","187","\texttt{lm()}"
"factors","189",NA
"contrasts","189",NA
"codingMatrices","189","\texttt{codingMatrices} package"
"packages!codingMatrices","189","packages!\texttt{codingMatrices}"
"contrasts()","189","\texttt{contrasts()}"
"relevel()","189","\texttt{relevel()}"
"reorder()","189","\texttt{reorder()}"
"contrasts!treatment coding","190",NA
"contrasts!treatment coding","191",NA
"contrasts!deviation coding","191",NA
"contrasts!deviation coding","191",NA
"contrasts!Helmert","191",NA
"Helmert contrasts","191",NA
"factors!ordered","191",NA
"contrasts!polynomial","192",NA
"contrasts!polynomial","193",NA
"contrasts!orthogonal","194",NA
"contrasts!nested dichotomies","194",NA
"contrasts","196",NA
"coefficient plots","197",NA
"added-variable plots","197",NA
"collinearity","198",NA
"car","198","\texttt{car} package"
"packages!car","198","packages!\texttt{car}"
"regression quartet","198",NA
"quartet!regression","198",NA
"car","199","\texttt{car} package"
"packages!car","199","packages!\texttt{car}"
"performance","199","\texttt{performance} package"
"packages!performance","199","packages!\texttt{performance}"
"easystats","199","\texttt{easystats} package"
"packages!easystats","199","packages!\texttt{easystats}"
"regression quartet","199",NA
"quartet!regression","199",NA
"Duncan occupational prestige","199",NA
"model_parameters()","200","\texttt{model\_parameters()}"
"linearHypothesis()","200","\texttt{linearHypothesis()}"
"Wald test","201",NA
"Duncan occupational prestige","202",NA
"regression quartet","202",NA
"diagnostic plots","202",NA
"check_model()","203","\texttt{check\_model()}"
"car","203","\texttt{car} package"
"packages!car","203","packages!\texttt{car}"
"diagnostic plots","203",NA
"Canadian occupational prestige","203",NA
"Prestige","203","\texttt{Prestige} data"
"datasets!Prestige","203","datasets!\texttt{Prestige}"
"ordering!factor levels","204",NA
"Canadian occupational prestige","206",NA
"coeftest()","207","\texttt{coeftest()}"
"tidy()","207","\texttt{tidy()}"
"modelsummary","207","\texttt{modelsummary} package"
"packages!modelsummary","207","packages!\texttt{modelsummary}"
"get_gof()","208","\texttt{get\_gof()}"
"coefficient plots","208",NA
"scale_y_discrete()","209","\texttt{scale\_y\_discrete()}"
"ggstats","211","\texttt{ggstats} package"
"packages!ggstats","211","packages!\texttt{ggstats}"
"ggcoef_model()","211","\texttt{ggcoef\_model()}"
"ggcoef_compare()","211","\texttt{ggcoef\_compare()}"
"ggcoef_model()","213","\texttt{ggcoef\_model()}"
"coefficient plots","213",NA
"added-variable plots","214",NA
"coffee","214","\texttt{coffee} data"
"datasets!coffee","214","datasets!\texttt{coffee}"
"matlib","214","\texttt{matlib} package"
"packages!matlib","214","packages!\texttt{matlib}"
"lsfit()","216","\texttt{lsfit()}"
"avPlot()","217","\texttt{avPlot()}"
"avPlots()","217","\texttt{avPlots()}"
"added-variable plots","218",NA
"marginal--conditional plots","218",NA
"mcPlot()","218","\texttt{mcPlot()}"
"mcPlots()","218","\texttt{mcPlots()}"
"Simpson's paradox","218",NA
"component + residual plots","221",NA
"crPlots()","221","\texttt{crPlots()}"
"crPlot()","221","\texttt{crPlot()}"
"effect plots","224",NA
"ggeffects","225","\texttt{ggeffects} package"
"packages!ggeffects","225","packages!\texttt{ggeffects}"
"marginaleffects","225","\texttt{marginaleffects} package"
"packages!marginaleffects","225","packages!\texttt{marginaleffects}"
"effects","225","\texttt{effects} package"
"packages!effects","225","packages!\texttt{effects}"
"lattice","225","\texttt{lattice} package"
"packages!lattice","225","packages!\texttt{lattice}"
"effect plots","229",NA
"outliers","230",NA
"leverage","230",NA
"influence","230",NA
"Mahalanobis distance","231",NA
"leverage-influence quartet","231",NA
"quartet!leverage-influence","231",NA
"geom_smooth()","232","\texttt{geom\_smooth()}"
"leverage-influence quartet","233",NA
"quartet!leverage-influence","233",NA
"Mahalanobis()","235","\texttt{Mahalanobis()}"
"outliers","238",NA
"leverage","238",NA
"influence","238",NA
"influence plots","238",NA
"influencePlot()","238","\texttt{influencePlot()}"
"influence plots","240",NA
"added-variable plots!influence","240",NA
"added-variable plots!influence","241",NA
"car","242","\texttt{car} package"
"packages!car","242","packages!\texttt{car}"
"performance","242","\texttt{performance} package"
"packages!performance","242","packages!\texttt{performance}"
"data space","244",NA
"$\beta$ space","244",NA
"data ellipse","244",NA
"ordinary least squares","244",NA
"duality","244",NA
"confidence ellipse","246",NA
"confidenceEllipse()","246","\texttt{confidenceEllipse()}"
"simultaneous inference","247",NA
"ScheffÃ© confidence intervals","247",NA
"Bonferroni correction","247",NA
"confidence ellipse","248",NA
"data space","248",NA
"$\beta$ space","248",NA
"measurement error","248",NA
"Gauss-Markov theorem","248",NA
"ordinary least squares!BLUE","248",NA
"errors-in-variables","248",NA
"measurement error quartet","250",NA
"quartet!measurement error","250",NA
"attenuation bias","250",NA
"nest_by()","251","\texttt{nest\_by()}"
"mutate()","251","\texttt{mutate()}"
"measurement error","254",NA
"uncertainty","254",NA
"data space","254",NA
"$\beta$ space","254",NA
"measurement error","255",NA
"VisCollin","257","\texttt{VisCollin} package"
"packages!VisCollin","257","packages!\texttt{VisCollin}"
"collinearity","257",NA
"tableplots","257",NA
"genridge","257","\texttt{genridge} package"
"packages!genridge","257","packages!\texttt{genridge}"
"collinearity","258",NA
"ipsatized scores","260",NA
"data space","261",NA
"$\beta$ space","261",NA
"dataEllipse()","262","\texttt{dataEllipse()}"
"confidenceEllipse()","262","\texttt{confidenceEllipse()}"
"variance inflation factor","264",NA
"VIF","264",NA
"collinearity!variance inflation factor","264",NA
"variance inflation factor!generalized","265",NA
"vif()","265","\texttt{vif()}"
"vif()","266","\texttt{vif()}"
"variance inflation factor","266",NA
"VIF","266",NA
"variance inflation factor!plot","267",NA
"vif()","267","\texttt{vif()}"
"easystats","267","\texttt{easystats} package"
"packages!easystats","267","packages!\texttt{easystats}"
"check_collinearity()","267","\texttt{check\_collinearity()}"
"condition indices","268",NA
"colldiag()","269","\texttt{colldiag()}"
"tableplots","270",NA
"tableplots","270",NA
"collinearity!biplot","271",NA
"biplot!collinearity","271",NA
"fviz_pca_biplot()","272","\texttt{fviz\_pca\_biplot()}"
"geom_text_repel()","272","\texttt{geom\_text\_repel()}"
"outliers","273",NA
"collinearity!biplot","273",NA
"biplot!collinearity","273",NA
"collinearity!remedies for","274",NA
"genridge","275","\texttt{genridge} package"
"packages!genridge","275","packages!\texttt{genridge}"
"centering!effect on collinearity","275",NA
"collinearity!centering","275",NA
"centering!effect on collinearity","276",NA
"collinearity!centering","276",NA
"Acetylene","277","\texttt{Acetylene} data"
"datasets!Acetylene","277","datasets!\texttt{Acetylene}"
"genridge","277","\texttt{genridge} package"
"packages!genridge","277","packages!\texttt{genridge}"
"rsm","277","\texttt  {rsm} package"
"packages!rsm","277","packages!\texttt  {rsm}"
"vif()","278","\texttt{vif()}"
"collinearity!remedies for","278",NA
"collinearity","278",NA
"ridge regression","278",NA
"bias!ridge regression","278",NA
"model selection","278",NA
"LASSO","279",NA
"LAR regression","279",NA
"ridge trace plots!univariate","279",NA
"locus of osculation","280",NA
"ellipses!locus of osculation","280",NA
"singular value decomposition","281",NA
"MASS","281","\texttt{MASS} package"
"packages!MASS","281","packages!\texttt{MASS}"
"glmnet","281","\texttt{glmnet} package"
"packages!glmnet","281","packages!\texttt{glmnet}"
"penalized","281","\texttt{penalized} package"
"packages!penalized","281","packages!\texttt{penalized}"
"glmnet()","281","\texttt{glmnet()}"
"genridge","282","\texttt{genridge} package"
"packages!genridge","282","packages!\texttt{genridge}"
"ridge trace plots!univariate","282",NA
"longley","282","\texttt{longley} data"
"datasets!longley","282","datasets!\texttt{longley}"
"LASSO","284",NA
"model selection","284",NA
"best subset regression","284",NA
"ridge trace plots!univariate","285",NA
"ridge trace plots!bivariate","285",NA
"ridge trace plots!bivariate","286",NA
"pca()","290","\texttt{pca()}"
"singular value decomposition","290",NA
"ridge regression!biplot","290",NA
"biplot!ridge regression","290",NA
"ridge regression!biplot","291",NA
"biplot!ridge regression","291",NA
"ridge regression","291",NA
"uncertainty","292",NA
"Hotelling $T^2$","297",NA
"variance-covariance matrix","298",NA
"Mahalanobis distance","298",NA
"linear combination","299",NA
"eigenvalue","299",NA
"Wilks lambda","299",NA
"Pillai trace","299",NA
"Roy maximum root test","299",NA
"eigenvector","300",NA
"discriminant analysis!coefficients","300",NA
"exact test","300",NA
"invariance!linear transformation","300",NA
"pooled covariance matrix","300",NA
"mathscore","300","\texttt{mathscore} data"
"datasets!mathscore","300","datasets!\texttt{mathscore}"
"heplots","300","\texttt{heplots} package"
"packages!heplots","300","packages!\texttt{heplots}"
"hotelling.test()","301","\texttt{hotelling.test()}"
"Anova()","301","\texttt{Anova()}"
"tidy.mlm()","301","\texttt{tidy.mlm()}"
"covEllipses()","302","\texttt{covEllipses()}"
"data ellipse","302",NA
"discriminant analysis!axis","303",NA
"Hotelling $T^2$","303",NA
"HE plot","303",NA
"hypothesis matrix","304",NA
"sum of squares and products","304",NA
"error matrix","305",NA
"heplot()","305","\texttt{heplot()}"
"visual test of significance","305",NA
"project_on()","306","\texttt{project\_on()}"
"HE plot","307",NA
"discriminant analysis","307",NA
"MASS","307","\texttt{MASS} package"
"packages!MASS","307","packages!\texttt{MASS}"
"discriminant analysis!linear","307",NA
"prior probabilities","307",NA
"discriminant analysis!scores","308",NA
"violin plot","309",NA
"discriminant analysis","309",NA
"banknote","310","\texttt{banknote} data"
"datasets!banknote","310","datasets!\texttt{banknote}"
"mclust","310","\texttt{mclust} package"
"packages!mclust","310","packages!\texttt{mclust}"
"geom_jitter()","311","\texttt{geom\_jitter()}"
"biplot","312",NA
"biplot","312",NA
"multivariate test statistics","313",NA
"Pillai trace","313",NA
"Wilks lambda","313",NA
"tidy.mlm()","314","\texttt{tidy.mlm()}"
"$\eta^2$","314",NA
"coefficient of determination","314",NA
"uniStats()","314","\texttt  {uniStats()}"
"etasq()","315","\texttt{etasq()}"
"effect size","315",NA
"canonical discriminant analysis","315",NA
"HE framework","315",NA
"canonical space","315",NA
"etasq()","315","\texttt  {etasq()}"
"eta_squared()","315","\texttt  {eta\_squared()}"
"multivariate linear model","319",NA
"VGAM","319","\texttt  {VGAM} package"
"packages!VGAM","319","packages!\texttt  {VGAM}"
"model matrix","321",NA
"multivariate linear model!assumptions","322",NA
"MVN","322","\texttt{MVN} package"
"packages!MVN","322","packages!\texttt{MVN}"
"cqplot()","322","\texttt{cqplot()}"
"exogeneity","323",NA
"multivariate linear model!fitting","323",NA
"rlm()","324","\texttt{rlm()}"
"robmlm()","324","\texttt{robmlm()}"
"dogfood","324","\texttt{dogfood} data"
"datasets!dogfood","324","datasets!\texttt{dogfood}"
"Anova()","325","\texttt{Anova()}"
"multivariate linear model!sums of squares","326",NA
"Anova()","327","\texttt{Anova()}"
"multivariate linear model!test statistics","330",NA
"Anova()","331","\texttt{Anova()}"
"etasq()","331","\texttt{etasq()}"
"eta squared, $\eta^2$","331",NA
"effect size","331",NA
"contrasts","331",NA
"linear hypotheses","331",NA
"nested dichotomies","332",NA
"linearHypothesis()","333","\texttt{linearHypothesis()}"
"multivariate linear model","334",NA
"MANOVA","334",NA
"Parenting","336","\texttt{Parenting} data"
"datasets!Parenting","336","datasets!\texttt{Parenting}"
"summary.aov()","339","\texttt{summary.aov()}"
"glance()","340","\texttt{glance()}"
"Anova()","340","\texttt{Anova()}"
"pluck()","341","\texttt{pluck()}"
"linearHypothesis()","341","\texttt{linearHypothesis()}"
"AddHealth","343","\texttt{AddHealth} data"
"datasets!AddHealth","343","datasets!\texttt{AddHealth}"
"Anova()","346","\texttt{Anova()}"
"linearHypothesis()","346","\texttt{linearHypothesis()}"
"MANOVA!factorial","348",NA
"uniStats()","349","\texttt{uniStats()}"
"glance.mlm()","349","\texttt{glance.mlm()}"
"ggplot2","349","\texttt{ggplot2} package"
"packages!ggplot2","349","packages!\texttt{ggplot2}"
"geom_errorbar()","349","\texttt{geom\_errorbar()}"
"ggline()","349","\texttt{ggline()}"
"geom_pwc()","349","\texttt  {geom\_pwc()}"
"ggdist","349","\texttt  {ggdist} package"
"packages!ggdist","349","packages!\texttt  {ggdist}"
"uncertainty","349",NA
"MockJury","351","\texttt{MockJury} data"
"datasets!MockJury","351","datasets!\texttt{MockJury}"
"heplots","351","\texttt{heplots} package"
"packages!heplots","351","packages!\texttt{heplots}"
"MANOVA!factorial","352",NA
"MANOVA","352",NA
"multiple regression!multivariate","352",NA
"NLSY","353","\texttt{NLSY} data"
"datasets!NLSY","353","datasets!\texttt{NLSY}"
"noteworthy()","355","\texttt{noteworthy()}"
"heplots","357","\texttt{heplots} package"
"packages!heplots","357","packages!\texttt{heplots}"
"coefplot.mlm()","357","\texttt{coefplot.mlm()}"
"schooldata","360","\texttt{schooldata} data"
"datasets!schooldata","360","datasets!\texttt{schooldata}"
"schoolsites","360","\texttt  {schoolsites} data"
"datasets!schoolsites","360","datasets!\texttt  {schoolsites}"
"GGally","360","\texttt  {GGally} package"
"packages!GGally","360","packages!\texttt  {GGally}"
"multiple regression!multivariate","363",NA
"diagnostic plots!multivariate","363",NA
"multivariate normality","364",NA
"MVN","364","\texttt{MVN} package"
"packages!MVN","364","packages!\texttt{MVN}"
"multivariate normality","365",NA
"Mahalanobis distance","365",NA
"distance plot","365",NA
"distPlot()","365","\texttt{distPlot()}"
"robust estimation","366",NA
"influence!multivariate","366",NA
"mvinfluence","366","\texttt{mvinfluence} package"
"packages!mvinfluence","366","packages!\texttt{mvinfluence}"
"influence!multivariate","368",NA
"diagnostic plots!multivariate","368",NA
"ANCOVA","368",NA
"MANCOVA","368",NA
"Rohwer","370","\texttt{Rohwer} data"
"datasets!Rohwer","370","datasets!\texttt{Rohwer}"
"uniStats()","372","\texttt{uniStats()}"
"MANCOVA!adjusted means","373",NA
"MANCOVA!homogeneity of regression","374",NA
"MANCOVA!homogeneity of regression","374",NA
"MANCOVA","375",NA
"HE plot","378",NA
"contrasts","378",NA
"canonical discriminant analysis","378",NA
"heplots","378","\texttt{heplots} package"
"packages!heplots","378","packages!\texttt{heplots}"
"candisc","378","\texttt{candisc} package"
"packages!candisc","378","packages!\texttt{candisc}"
"heplots","378","\texttt{heplots} package"
"packages!heplots","378","packages!\texttt{heplots}"
"heplots","378","\texttt  {heplots} package"
"packages!heplots","378","packages!\texttt  {heplots}"
"dogfood","379","\texttt{dogfood} data"
"datasets!dogfood","379","datasets!\texttt{dogfood}"
"quartets!dogfood","379",NA
"data space","379",NA
"canonical space","380",NA
"sum of squares and products","380",NA
"effect size scaling","381",NA
"significance scaling","381",NA
"glance()","385","\texttt{glance()}"
"uniStats()","385","\texttt{uniStats()}"
"etasq()","385","\texttt{etasq()}"
"significance scaling","386",NA
"visual test of significance","386",NA
"Roy maximum root test","387",NA
"significance scaling","387",NA
"linear hypothesis","387",NA
"orthogonal contrasts","387",NA
"linearHypothesis()","387","\texttt{linearHypothesis()}"
"heplot()","387","\texttt{heplot()}"
"heplots","389","\texttt{heplots} package"
"packages!heplots","389","packages!\texttt{heplots}"
"HE plot!matrix","389",NA
"conjugate axes","389",NA
"canonical discriminant analysis","391",NA
"candisc","391","\texttt{candisc} package"
"packages!candisc","391","packages!\texttt{candisc}"
"Wilks lambda","391",NA
"canonical correlation","392",NA
"canonical structure coefficients","392",NA
"canonical scores","393",NA
"canonical discriminant analysis","395",NA
"factorial MANOVA","396",NA
"MANOVA!factorial","396",NA
"interaction","396",NA
"termMeans()","396","\texttt{termMeans()}"
"lines()","396","\texttt{lines()}"
"factorial MANOVA","401",NA
"multivariate multiple regression","401",NA
"joint linear hypothesis","401",NA
"roblm()","403","\texttt  {roblm()}"
"multivariate multiple regression","405",NA
"canonical correlation analysis","405",NA
"canonical variates","406",NA
"eigenvalue!generalized","407",NA
"cancor()","407","\texttt{cancor()}"
"canonical correlation analysis","410",NA
"MANCOVA","411",NA
"homogeneity of regression","413",NA
"heterogeneous regression","413",NA
"MANCOVA","414",NA
"covariance matrices!equality","417",NA
"covariance matrices!heterogeneity","417",NA
"discriminant analysis!quadratic","417",NA
"heplots","418","\texttt{heplots} package"
"packages!heplots","418","packages!\texttt{heplots}"
"homogeneity of variance","418",NA
"Levene's test","419",NA
"Brown-Forsythe test","419",NA
"colDevs()","419","\texttt{colDevs()}"
"leveneTest()","419","\texttt{leveneTest()}"
"Levene's test","422",NA
"data ellipse","423",NA
"peng","423","\texttt{peng} data"
"datasets!peng","423","datasets!\texttt{peng}"
"covEllipses()","423","\texttt{covEllipses()}"
"centered ellipses","423",NA
"pooled covariance matrix","423",NA
"peng","424","\texttt{peng} data"
"datasets!peng","424","datasets!\texttt{peng}"
"Box's M test","426",NA
"likelihood-ratio test","426",NA
"log determinant","426",NA
"principal components","429",NA
"generalized variance","431",NA
"precision matrix","431",NA
"eigenvalue!maximum","431",NA
"heplots","431","\texttt{heplots} package"
"packages!heplots","431","packages!\texttt{heplots}"
"heplots","432","\texttt{heplots} package"
"packages!heplots","432","packages!\texttt{heplots}"
"Box's M test","433",NA
"Levene's test!multivariate","433",NA
"MANOVA","433",NA
"HE plot","433",NA
"canonical discriminant analysis","433",NA
"canonical structure coefficients","435",NA
"canonical discriminant analysis","435",NA
"Levene's test!multivariate","435",NA
"covariance matrices!equality","435",NA
"covariance matrices!heterogeneity","435",NA
"influential observations","437",NA
"outliers","437",NA
"stats","437","\texttt{stats} package"
"packages!stats","437","packages!\texttt{stats}"
"car","437","\texttt{car} package"
"packages!car","437","packages!\texttt{car}"
"olsrr","437","\texttt  {olsrr} package"
"packages!olsrr","437","packages!\texttt  {olsrr}"
"HLMdiag","437","\texttt  {HLMdiag} package"
"packages!HLMdiag","437","packages!\texttt  {HLMdiag}"
"hlm_influence()","437","\texttt  {hlm\_influence()}"
"hlm_augment()","437","\texttt  {hlm\_augment()}"
"mvinfluence","438","\texttt{mvinfluence} package"
"packages!mvinfluence","438","packages!\texttt{mvinfluence}"
"case deletion","438",NA
"hat matrix","439",NA
"leverage","439",NA
"Cook's distance","439",NA
"Cook's distance","439",NA
"Cook's distance!multivariate","439",NA
"studentized residuals","440",NA
"mvinfluence","440","\texttt{mvinfluence} package"
"packages!mvinfluence","440","packages!\texttt{mvinfluence}"
"cooks.distance.lm()","441","\texttt{cooks.distance.lm()}"
"cooks.distance.mlm()","441","\texttt{cooks.distance.mlm()}"
"influence plot","442",NA
"influencePlot.mlm()","442","\texttt{influencePlot.mlm()}"
"DFBETAS","444",NA
"dfbetas()","444","\texttt{dfbetas()}"
"Cook's distance","445",NA
"NLSY","445","\texttt{NLSY} data"
"datasets!NLSY","445","datasets!\texttt{NLSY}"
"heplots","445","\texttt{heplots} package"
"packages!heplots","445","packages!\texttt{heplots}"
"influential observations","448",NA
"robust estimation","449",NA
"weighted least squares","449",NA
"robust estimation!S-estimator","449",NA
"robust estimation!MM-estimator","449",NA
"M-estimators","450",NA
"robmlm()","450","\texttt{robmlm()}"
"biweight function","450",NA
"psi.bisquare()","450","\texttt{psi.bisquare()}"
"iteratively reweighted least squares","450",NA
"robmlm()","450","\texttt{robmlm()}"
"rlm()","450","\texttt{rlm()}"
"rel_diff()","451","\texttt{rel\_diff()}"
"robust estimation","452",NA
"lm()","455","\texttt{lm()}"
"lda()","455","\texttt{lda()}"
"candisc()","456","\texttt  {candisc()}"
"candiscList()","456","\texttt  {candiscList()}"
"qda()","458","\texttt{qda()}"
"mda","458","\texttt  {mda} package"
"packages!mda","458","packages!\texttt  {mda}"
"mda()","458","\texttt  {mda()}"
"fda()","458","\texttt  {fda()}"
"lda()","458","\texttt  {lda()}"
"lda()","460","\texttt{lda()}"
"predict.lda()","461","\texttt{predict.lda()}"
"cross validatation","462",NA
"MASS","463","\texttt{MASS} package"
"packages!MASS","463","packages!\texttt{MASS}"
"candisc","463","\texttt{candisc} package"
"packages!candisc","463","packages!\texttt{candisc}"
"predict_discrim()","463","\texttt{predict\_discrim()}"
"predict.lda()","463","\texttt{predict.lda()}"
"cor_lda()","463","\texttt{cor\_lda()}"
"scores.lda()","463","\texttt{scores.lda()}"
"scores()","463","\texttt{scores()}"
"predict_discrim()","463","\texttt{predict\_discrim()}"
"geom_text()","464","\texttt{geom\_text()}"
"geom_label()","464","\texttt{geom\_label()}"
"geom_label()","464","\texttt{geom\_label()}"
"predict_discrim()","464","\texttt{predict\_discrim()}"
"MASS","465","\texttt{MASS} package"
"packages!MASS","465","packages!\texttt{MASS}"
"plot.lda()","465","\texttt{plot.lda()}"
"predict_discrim()","465","\texttt{predict\_discrim()}"
"predict_discrim()","468","\texttt{predict\_discrim()}"
"dataEllipse()","468","\texttt{dataEllipse()}"
"geom_tile()","468","\texttt{geom\_tile()}"
"geom_contour()","468","\texttt{geom\_contour()}"
"partimat()","469","\texttt{partimat()}"
"lda()","469","\texttt{lda()}"
"qda()","469","\texttt{qda()}"
"rpart()","469","\texttt{rpart()}"
"naiveBayes()","469","\texttt{naiveBayes()}"
"ggplot2","469","\texttt{ggplot2} package"
"packages!ggplot2","469","packages!\texttt{ggplot2}"
"datagrid()","469","\texttt{datagrid()}"
"partimat()","469","\texttt  {partimat()}"
"geom_tile()","470","\texttt{geom\_tile()}"
"plot_discrim()","472","\texttt{plot\_discrim()}"
"geom_vector()","475","\texttt{geom\_vector()}"
"coord_equal()","475","\texttt{coord\_equal()}"
"candisc","476","\texttt{candisc} package"
"packages!candisc","476","packages!\texttt{candisc}"
"qda()","479","\texttt{qda()}"
"lda()","479","\texttt{lda()}"
